<?xml version="1.0" encoding="utf-8" ?>
<dwsync>
<file name="tinymce-small.ttf" server="apps.ats.udel.edu//" local="130429291560000000" remote="130429291560000000" Dst="2" />
<file name="tinymce.eot" server="apps.ats.udel.edu//" local="130429291560000000" remote="130429291560000000" Dst="2" />
<file name="readme.md" server="apps.ats.udel.edu//" local="130429291560000000" remote="130429291560000000" Dst="2" />
<file name="tinymce-small.eot" server="apps.ats.udel.edu//" local="130429291560000000" remote="130429291560000000" Dst="2" />
<file name="tinymce.woff" server="apps.ats.udel.edu//" local="130429291560000000" remote="130429291560000000" Dst="2" />
<file name="tinymce.dev.svg" server="apps.ats.udel.edu//" local="130429291560000000" remote="130429291560000000" Dst="2" />
<file name="tinymce-small.woff" server="apps.ats.udel.edu//" local="130429291560000000" remote="130429291560000000" Dst="2" />
<file name="tinymce.ttf" server="apps.ats.udel.edu//" local="130429291560000000" remote="130429291560000000" Dst="2" />
<file name="tinymce-small.svg" server="apps.ats.udel.edu//" local="130429291560000000" remote="130429291560000000" Dst="2" />
<file name="tinymce-small.dev.svg" server="apps.ats.udel.edu//" local="130429291560000000" remote="130429291560000000" Dst="2" />
<file name="tinymce.svg" server="apps.ats.udel.edu//" local="130429291560000000" remote="130429291560000000" Dst="2" />
</dwsync>